Workbook

Sheet Summary
A1: benchmark_v3 — Experiment Summary
A2: One row per historical experiment. Planned benchmark combinations are shown only on the NV Benchmark sheet.
A4: Historical experiment IDs | C4: Primary combinations | E4: Inference complete | G4: Primary metrics complete
A5: 8 | C5: 12 | E5: 3 | G5: 0
A7: Historical experiment register
A8: Experiment | B8: Model | C8: Dataset | D8: Protocol / purpose | E8: Status | F8: Evidence | G8: Next action
A9: EXP001 | B9: NV-Raw2Insights | C9: In-house CINE, 10 cases | D9: Internal sensitivity estimation; 20 forced ACS lines | E9: acc8/acc16 metrics complete; acc24 pending | F9: output/CINE_test_acc*; Existing forced-ACS records | G9: Keep as historical compatibility reference
A10: EXP002 | B10: NV-Raw2Insights | C10: In-house CINE, 10 cases | D10: External H5 dMap; raw VISTA masks; no forced ACS | E10: acc8/16/24 inference complete; metrics pending | F10: 30 finite MAT outputs under output/h5_converted* | G10: Run one unified quantitative evaluation
A11: EXP003 | B11: NV-Raw2Insights | C11: CMRxRecon | D11: External benchmark / generalization | E11: Ongoing | F11: Original Overview sheet | G11: Define final cohort and metrics
A12: EXP004 | B12: RAM | C12: Official demo | D12: Checkpoint positive control | E12: Complete | F12: README inpainting positive control | G12: No further action
A13: EXP005 | B13: RAM | C13: fastMRI knee single-coil | D13: x8 reproduction | E13: Complete | F13: RAM Results sheet | G13: Treat as diagnostic, not CINE baseline
A14: EXP006 | B14: RAM | C14: fastMRI brain | D14: First VCC smoke test | E14: Complete | F14: RAM Results sheet | G14: Document VCC mismatch
A15: EXP007 | B15: RAM | C15: fastMRI brain | D15: Crop-before-physics test | E15: Complete | F15: RAM Results sheet | G15: No further sweep unless protocol changes
A16: EXP008 | B16: RAM | C16: fastMRI brain | D16: Parameter sweep | E16: Complete | F16: RAM Results sheet | G16: Report best setting with caveats
A19: Immediate benchmark priorities
A20: 1. Evaluate the three completed NV no-ACS reconstructions with one consistent GT scaling and subject-level aggregation.
A21: 2. Generate zero-filled RSS for the same masks; this is the minimum sanity baseline.
A22: 3. Add CG-SENSE with external dMap as the conventional reconstruction baseline.
A23: 4. Add Temporal-TV SENSE only if time permits after the first three methods are complete.

Sheet NV Benchmark
A1: NV CINE Benchmark
A2: Primary leaderboard: four methods × three raw VISTA mask rates. The same ten cases and masks must be used for every method.
A4: Inference-complete combinations | B4: =COUNTIF(E8:E19,"10/10 complete") -> 3 | D4: Metric-complete combinations | E4: =COUNTIF(F8:F19,"Complete") -> 0 | G4: Total planned combinations | H4: =ROWS(A8:A19) -> 12
A6: Primary method × acceleration matrix
A7: Method | B7: Nominal label | C7: Mean effective R | D7: Cases | E7: Reconstruction status | F7: Metrics status | G7: PSNR | H7: SSIM | I7: NMSE | J7: Output / evidence | K7: Next action
A8: Zero-filled RSS | B8: 8 | C8: =IFERROR(AVERAGEIF(Notes!$B$5:$B$34,B8,Notes!$E$5:$E$34),"") -> 7.9090909 | D8: 10 | E8: Not started | F8: Not started | J8: — | K8: Generate baseline using the verified masks
A9: Zero-filled RSS | B9: 16 | C9: =IFERROR(AVERAGEIF(Notes!$B$5:$B$34,B9,Notes!$E$5:$E$34),"") -> 15.818182 | D9: 10 | E9: Not started | F9: Not started | J9: — | K9: Generate baseline using the verified masks
A10: Zero-filled RSS | B10: 24 | C10: =IFERROR(AVERAGEIF(Notes!$B$5:$B$34,B10,Notes!$E$5:$E$34),"") -> 24.964286 | D10: 10 | E10: Not started | F10: Not started | J10: — | K10: Generate baseline using the verified masks
A11: CG-SENSE | B11: 8 | C11: =IFERROR(AVERAGEIF(Notes!$B$5:$B$34,B11,Notes!$E$5:$E$34),"") -> 7.9090909 | D11: 10 | E11: Not started | F11: Not started | J11: — | K11: Generate baseline using the verified masks
A12: CG-SENSE | B12: 16 | C12: =IFERROR(AVERAGEIF(Notes!$B$5:$B$34,B12,Notes!$E$5:$E$34),"") -> 15.818182 | D12: 10 | E12: Not started | F12: Not started | J12: — | K12: Generate baseline using the verified masks
A13: CG-SENSE | B13: 24 | C13: =IFERROR(AVERAGEIF(Notes!$B$5:$B$34,B13,Notes!$E$5:$E$34),"") -> 24.964286 | D13: 10 | E13: Not started | F13: Not started | J13: — | K13: Generate baseline using the verified masks
A14: Temporal-TV SENSE | B14: 8 | C14: =IFERROR(AVERAGEIF(Notes!$B$5:$B$34,B14,Notes!$E$5:$E$34),"") -> 7.9090909 | D14: 10 | E14: Not started | F14: Not started | J14: — | K14: Generate baseline using the verified masks
A15: Temporal-TV SENSE | B15: 16 | C15: =IFERROR(AVERAGEIF(Notes!$B$5:$B$34,B15,Notes!$E$5:$E$34),"") -> 15.818182 | D15: 10 | E15: Not started | F15: Not started | J15: — | K15: Generate baseline using the verified masks
A16: Temporal-TV SENSE | B16: 24 | C16: =IFERROR(AVERAGEIF(Notes!$B$5:$B$34,B16,Notes!$E$5:$E$34),"") -> 24.964286 | D16: 10 | E16: Not started | F16: Not started | J16: — | K16: Generate baseline using the verified masks
A17: NV-Raw2Insights Base | B17: 8 | C17: =IFERROR(AVERAGEIF(Notes!$B$5:$B$34,B17,Notes!$E$5:$E$34),"") -> 7.9090909 | D17: 10 | E17: 10/10 complete | F17: Pending | J17: output/h5_converted | K17: Run unified PSNR/SSIM/NMSE evaluation
A18: NV-Raw2Insights Base | B18: 16 | C18: =IFERROR(AVERAGEIF(Notes!$B$5:$B$34,B18,Notes!$E$5:$E$34),"") -> 15.818182 | D18: 10 | E18: 10/10 complete | F18: Pending | J18: output/h5_converted_acc16 | K18: Run unified PSNR/SSIM/NMSE evaluation
A19: NV-Raw2Insights Base | B19: 24 | C19: =IFERROR(AVERAGEIF(Notes!$B$5:$B$34,B19,Notes!$E$5:$E$34),"") -> 24.964286 | D19: 10 | E19: 10/10 complete | F19: Pending | J19: output/h5_converted_acc24 | K19: Run unified PSNR/SSIM/NMSE evaluation
A22: Historical forced-ACS reference — do not merge with the primary leaderboard
A23: Protocol | B23: Nominal label | C23: Cases | D23: PSNR mean | E23: SSIM mean | F23: NRMSE mean | G23: NMSE mean | H23: Status | I23: Effective R | J23: Output | K23: Caveat
A24: NV Base; internal maps; 20 forced ACS lines | B24: 8 | C24: 10 | D24: 23.981 | F24: 0.436 | G24: 0.211 | H24: Metrics complete | J24: output/CINE_test_acc8 | K24: acc8 timing was a resumed run
A25: NV Base; internal maps; 20 forced ACS lines | B25: 16 | C25: 10 | D25: 22.058 | F25: 0.541 | G25: 0.319 | H25: Metrics complete | J25: output/CINE_test_acc16 | K25: Nominal label is not measured physical acceleration
A26: NV Base; internal maps; 20 forced ACS lines | B26: 24 | C26: 10 | H26: Pending | J26: output/CINE_test_acc24 | K26: Inference/metrics not fully documented

Sheet RAM Results
A1: RAM MRI Results
A2: Consolidated RAM experiments, author comparison, and checkpoint positive control. These runs are diagnostic and are not the primary CINE benchmark.
A4: Our RAM experiments
A5: Experiment | B5: Dataset / setup | C5: PSNR | D5: NMSE | E5: SSIM | F5: Delta SSIM | G5: Status | H5: Interpretation
A6: Knee single-coil | B6: fastMRI knee, slices 16–18, x8 equispaced | C6: 24.256 | D6: 0.12354 | E6: 0.46814 | F6: 0.00372 | G6: Complete | H6: Diagnostic reproduction
A7: Brain first VCC smoke | B7: AXFLAIR ACL15, slices 7–9, x8 equispaced | C7: 22.1839 | D7: 0.05297 | E7: 0.47335 | F7: -0.00234 | G7: Complete | H7: VCC equivalence not established
A8: Brain best sweep | B8: AXFLAIR ACL15, x8 random, divisor 0.0002, sigma 0.0005 | C8: 22.7452 | D8: 0.04661 | E8: 0.46547 | F8: -0.00273 | G8: Complete | H8: Best tested RAM setting
A9: Brain crop-before-physics | B9: Complex crop to 320x320 before MRI | C9: 22.7453 | D9: 0.04661 | E9: 0.4658 | F9: -0.00239 | G9: Complete | H9: Negligible PSNR change
A12: Author benchmark comparison
A13: Result | B13: MRI x4 PSNR | C13: MRI x4 SSIM | D13: MRI x8 PSNR | E13: MRI x8 SSIM | F13: NMSE | G13: Scope | H13: Caveat
A14: Author PDNet | B14: 28.25 | C14: 0.719 | D14: 24.54 | E14: 0.641 | G14: Paper benchmark | H14: Different dataset/protocol
A15: Author DPIR | B15: 30.54 | C15: 0.784 | D15: 25.28 | E15: 0.661 | G15: Paper benchmark | H15: Different dataset/protocol
A16: Author uDPIR-u | B16: 33.73 | C16: 0.848 | D16: 30.2 | E16: 0.792 | G16: Paper benchmark | H16: Different dataset/protocol
A17: Author uDPIR-t | B17: 34.14 | C17: 0.851 | D17: 30.86 | E17: 0.805 | G17: Paper benchmark | H17: Different dataset/protocol
A18: Author RAM | B18: 34.39 | C18: 0.853 | D18: 31.5 | E18: 0.813 | G18: Paper benchmark | H18: 21,842 validation slices
A19: Our best RAM | D19: 22.7453 | E19: 0.4658 | F19: 0.04661 | G19: One volume; slices 7–9 | H19: Not directly comparable to author result
A20: Our zero-filled | D20: 22.6808 | E20: 0.4682 | F20: 0.04731 | G20: Same three slices | H20: Reference for our best RAM
A21: Our RAM minus zero-filled | D21: =D19-D20 -> 0.0645 | E21: =E19-E20 -> -0.0024 | F21: =F19-F20 -> -0.0007 | G21: Paired diagnostic | H21: PSNR improves slightly; SSIM worsens
A24: Checkpoint positive control
A25: Measurement PSNR | B25: 7.057 | D25: The official inpainting demo succeeded with the same checkpoint. The weak MRI reproduction is therefore more consistent with protocol, VCC, normalization, or forward-model mismatch than with a broken checkpoint.
A26: RAM PSNR | B26: 25.108
A27: Improvement | B27: =B26-B25 -> 18.051

Sheet Notes
A1: Benchmark Notes and Audit
A2: Supporting evidence only. The main experiment status is intentionally kept on Summary and NV Benchmark.
A3: Per-case raw-mask sampling audit — verified on node-gpu-03, 2026-07-30
A4: Case | B4: Nominal label | C4: PE | D4: Mean sampled PE lines/frame | E4: Effective R | F4: Central 20 fully filled? | G4: Output exists? | H4: Evidence
A5: Sub0014 | B5: 8 | C5: 180 | D5: 22 | E5: =IFERROR(C5/D5,"") -> 8.1818182 | F5: No | G5: Yes | H5: output/h5_converted
A6: Sub0026 | B6: 8 | C6: 162 | D6: 20 | E6: =IFERROR(C6/D6,"") -> 8.1 | F6: No | G6: Yes | H6: output/h5_converted
A7: Sub0030 | B7: 8 | C7: 174 | D7: 22 | E7: =IFERROR(C7/D7,"") -> 7.9090909 | F7: No | G7: Yes | H7: output/h5_converted
A8: Sub0047 | B8: 8 | C8: 156 | D8: 20 | E8: =IFERROR(C8/D8,"") -> 7.8 | F8: No | G8: Yes | H8: output/h5_converted
A9: Sub0049 | B9: 8 | C9: 156 | D9: 20 | E9: =IFERROR(C9/D9,"") -> 7.8 | F9: No | G9: Yes | H9: output/h5_converted
A10: Sub0051 | B10: 8 | C10: 156 | D10: 20 | E10: =IFERROR(C10/D10,"") -> 7.8 | F10: No | G10: Yes | H10: output/h5_converted
A11: Sub0096 | B11: 8 | C11: 156 | D11: 20 | E11: =IFERROR(C11/D11,"") -> 7.8 | F11: No | G11: Yes | H11: output/h5_converted
A12: Sub0105 | B12: 8 | C12: 156 | D12: 20 | E12: =IFERROR(C12/D12,"") -> 7.8 | F12: No | G12: Yes | H12: output/h5_converted
A13: Sub0112 | B13: 8 | C13: 162 | D13: 20 | E13: =IFERROR(C13/D13,"") -> 8.1 | F13: No | G13: Yes | H13: output/h5_converted
A14: Sub0122 | B14: 8 | C14: 156 | D14: 20 | E14: =IFERROR(C14/D14,"") -> 7.8 | F14: No | G14: Yes | H14: output/h5_converted
A15: Sub0014 | B15: 16 | C15: 180 | D15: 11 | E15: =IFERROR(C15/D15,"") -> 16.363636 | F15: No | G15: Yes | H15: output/h5_converted_acc16
A16: Sub0026 | B16: 16 | C16: 162 | D16: 10 | E16: =IFERROR(C16/D16,"") -> 16.2 | F16: No | G16: Yes | H16: output/h5_converted_acc16
... A34: Sub0122 | B34: 24 | C34: 156 | D34: 6 | E34: =IFERROR(C34/D34,"") -> 26 | F34: No | G34: Yes | H34: output/h5_converted_acc24
A37: Metric definitions
A38: Metric | B38: Definition | C38: Aggregation | D38: Direction | E38: Primary? | F38: Scaling rule | G38: Current status | H38: Note
A39: PSNR | B39: 20 log10(GT range / RMSE) | C39: Frame → subject mean → cohort mean + 95% CI | D39: Higher | E39: Yes | F39: One GT-derived case scale for every method | G39: Available in existing evaluator | H39: Do not independently normalize methods
A40: SSIM | B40: 2D structural similarity | C40: Frame → subject mean → cohort mean + 95% CI | D40: Higher | E40: Yes | F40: Same GT-derived scale | G40: Needs consistent implementation | H40: Named primary metric but absent from one evaluator
A41: NMSE | B41: sum(error²) / sum(GT²) | C41: Frame → subject mean → cohort mean + 95% CI | D41: Lower | E41: Yes | F41: Same GT-derived scale | G41: Available | H41: Primary normalized error
A42: NRMSE | B42: sqrt(NMSE) | C42: Secondary | D42: Lower | E42: Optional | F42: Same GT-derived scale | G42: Available | H42: Redundant if NMSE is already reported
A43: Effective R | B43: PE / mean sampled PE lines per frame | C43: Per case; mean by nominal label | D43: Context | E43: Yes | F43: Not applicable | G43: Verified | H43: Nominal label and physical acceleration are distinct
A46: Sources and protocol decisions
A47: Source | B47: Date | C47: Used for | D47: Key finding | E47: Limitation | F47: Path | G47: Owner | H47: Status
A48: Original Benchmark_v1 | B48: 2026-07-23 | C48: EXP001–EXP008 and RAM records | D48: Eight historical experiment IDs | E48: Mixed planning and result notes | F48: docs/BV.xlsx | G48: Project | H48: Retained
A49: node-gpu-03 audit | B49: 2026-07-30 | C49: No-ACS acc8/16/24 completion and effective R | D49: 10/10 finite outputs per rate; no forced central 20 | E49: Metric CSVs not found | F49: dataset/h5_converted*; output/h5_converted* | G49: Project | H49: Verified
A50: CINE benchmark report | B50: 2026-07-12 | C50: Forced-ACS metrics | D50: acc8/acc16 quality recorded | E50: acc24 pending | F50: docs/CINE_benchmark_report.md | G50: Project | H50: Historical
A51: No-ACS acc8 run log | B51: 2026-07-14–15 | C51: External dMap implementation evidence | D51: Completed documented acc8 run | E51: Does not document later acc16/24 runs | F51: docs/history/2026-07-14-h5-dmap-noacs-acc8-inference.md | G51: Project | H51: Historical
