Workbook

Sheet Start Here
A1: CINE Model Benchmark Matrix
A2: Fillable workbook for the active 10-subject, variable-PE, FE=192 benchmark.
A4: Recommended decision | C4: Use the Primary Matrix as the main leaderboard: identical raw VISTA masks, external H5 dMap maps, fixed ten-case cohort, and identical GT/evaluation for every method.
A6: Why protocols are separated | C6: The established forced-ACS runs change the sampling pattern. Their acc8/acc16/acc24 labels are model-conditioning labels and may differ substantially from measured effective acceleration. Existing results therefore live on a separate sheet.
A8: Minimum defensible baselines | C8: Zero-filled RSS (sanity floor), CG-SENSE with external dMap (conventional baseline), and NV-Raw2Insights-MRI Base (zero-shot model). Add temporal-TV SENSE if time permits.
A10: Metric aggregation | C10: Compute metrics per 2D frame, average within each subject, then report the mean and 95% confidence interval across the ten subjects. Frame distributions are secondary and should not replace subject-level inference.
A12: Intensity scaling | C12: Use one case-level scale derived from the GT and apply it unchanged to every method. Keep independently normalized or scale-fitted results diagnostic and label them explicitly.
A14: Current progress | C14: Server audit on node-gpu-03 confirmed NV Base + external dMap + no-ACS inference for acc8, acc16, and acc24: 10/10 outputs per rate. Their quantitative metrics are still pending. The other nine method-rate combinations are not yet formally recorded.
A17: Legend
A18: User input
A19: Formula
A20: Recorded historical result
A21: Attention / incomplete

Sheet Primary Matrix
A1: Primary Benchmark Matrix
A2: Recommended comparison: raw VISTA masks, no forced ACS, external H5 dMap, fixed ten-case cohort.
A4: Method | B4: Category | C4: Learned? | D4: Parameters (M) | E4: Training on in-house data | F4: Sensitivity maps | G4: ACS protocol | H4: Mask seed | I4: Nominal label | J4: Mean effective R | K4: Cases | L4: Metric level | M4: PSNR mean | N4: PSNR 95% CI low | O4: PSNR 95% CI high | P4: SSIM mean | Q4: SSIM 95% CI low | R4: SSIM 95% CI high | S4: NMSE mean | T4: NMSE 95% CI low | U4: NMSE 95% CI high | V4: Runtime / frame (s) | W4: Peak VRAM (GB) | X4: Status / notes
A5: Zero-filled RSS | B5: Sanity floor | C5: No | D5: 0 | E5: No | F5: Not required (RSS) | G5: Raw VISTA / no forced ACS | H5: 8 | I5: 8 | J5: =IFERROR(AVERAGEIF('Sampling Audit'!$F$5:$F$34,I5,'Sampling Audit'!$J$5:$J$34),"") -> 7.9090909 | K5: 10 | L5: Subject macro-average | X5: Not started
A6: Zero-filled RSS | B6: Sanity floor | C6: No | D6: 0 | E6: No | F6: Not required (RSS) | G6: Raw VISTA / no forced ACS | H6: 8 | I6: 16 | J6: =IFERROR(AVERAGEIF('Sampling Audit'!$F$5:$F$34,I6,'Sampling Audit'!$J$5:$J$34),"") -> 15.818182 | K6: 10 | L6: Subject macro-average | X6: Not started
A7: Zero-filled RSS | B7: Sanity floor | C7: No | D7: 0 | E7: No | F7: Not required (RSS) | G7: Raw VISTA / no forced ACS | H7: 8 | I7: 24 | J7: =IFERROR(AVERAGEIF('Sampling Audit'!$F$5:$F$34,I7,'Sampling Audit'!$J$5:$J$34),"") -> 24.964286 | K7: 10 | L7: Subject macro-average | X7: Not started
A8: CG-SENSE | B8: Conventional | C8: No | D8: 0 | E8: No | F8: External H5 dMap | G8: Raw VISTA / no forced ACS | H8: 8 | I8: 8 | J8: =IFERROR(AVERAGEIF('Sampling Audit'!$F$5:$F$34,I8,'Sampling Audit'!$J$5:$J$34),"") -> 7.9090909 | K8: 10 | L8: Subject macro-average | X8: Not started
A9: CG-SENSE | B9: Conventional | C9: No | D9: 0 | E9: No | F9: External H5 dMap | G9: Raw VISTA / no forced ACS | H9: 8 | I9: 16 | J9: =IFERROR(AVERAGEIF('Sampling Audit'!$F$5:$F$34,I9,'Sampling Audit'!$J$5:$J$34),"") -> 15.818182 | K9: 10 | L9: Subject macro-average | X9: Not started
A10: CG-SENSE | B10: Conventional | C10: No | D10: 0 | E10: No | F10: External H5 dMap | G10: Raw VISTA / no forced ACS | H10: 8 | I10: 24 | J10: =IFERROR(AVERAGEIF('Sampling Audit'!$F$5:$F$34,I10,'Sampling Audit'!$J$5:$J$34),"") -> 24.964286 | K10: 10 | L10: Subject macro-average | X10: Not started
A11: Temporal-TV SENSE | B11: Iterative dynamic MRI | C11: No | D11: 0 | E11: No | F11: External H5 dMap | G11: Raw VISTA / no forced ACS | H11: 8 | I11: 8 | J11: =IFERROR(AVERAGEIF('Sampling Audit'!$F$5:$F$34,I11,'Sampling Audit'!$J$5:$J$34),"") -> 7.9090909 | K11: 10 | L11: Subject macro-average | X11: Not started
A12: Temporal-TV SENSE | B12: Iterative dynamic MRI | C12: No | D12: 0 | E12: No | F12: External H5 dMap | G12: Raw VISTA / no forced ACS | H12: 8 | I12: 16 | J12: =IFERROR(AVERAGEIF('Sampling Audit'!$F$5:$F$34,I12,'Sampling Audit'!$J$5:$J$34),"") -> 15.818182 | K12: 10 | L12: Subject macro-average | X12: Not started
A13: Temporal-TV SENSE | B13: Iterative dynamic MRI | C13: No | D13: 0 | E13: No | F13: External H5 dMap | G13: Raw VISTA / no forced ACS | H13: 8 | I13: 24 | J13: =IFERROR(AVERAGEIF('Sampling Audit'!$F$5:$F$34,I13,'Sampling Audit'!$J$5:$J$34),"") -> 24.964286 | K13: 10 | L13: Subject macro-average | X13: Not started
A14: NV-Raw2Insights Base | B14: Learned zero-shot | C14: Yes | D14: 758.91 | E14: No | F14: External H5 dMap | G14: Raw VISTA / no forced ACS | H14: 8 | I14: 8 | J14: =IFERROR(AVERAGEIF('Sampling Audit'!$F$5:$F$34,I14,'Sampling Audit'!$J$5:$J$34),"") -> 7.9090909 | K14: 10 | L14: Subject macro-average | X14: Inference complete; metrics pending
A15: NV-Raw2Insights Base | B15: Learned zero-shot | C15: Yes | D15: 758.91 | E15: No | F15: External H5 dMap | G15: Raw VISTA / no forced ACS | H15: 8 | I15: 16 | J15: =IFERROR(AVERAGEIF('Sampling Audit'!$F$5:$F$34,I15,'Sampling Audit'!$J$5:$J$34),"") -> 15.818182 | K15: 10 | L15: Subject macro-average | X15: Inference complete; metrics pending
A16: NV-Raw2Insights Base | B16: Learned zero-shot | C16: Yes | D16: 758.91 | E16: No | F16: External H5 dMap | G16: Raw VISTA / no forced ACS | H16: 8 | I16: 24 | J16: =IFERROR(AVERAGEIF('Sampling Audit'!$F$5:$F$34,I16,'Sampling Audit'!$J$5:$J$34),"") -> 24.964286 | K16: 10 | L16: Subject macro-average | X16: Inference complete; metrics pending

Sheet Sampling Audit
A1: Sampling Audit
A2: Verified on node-gpu-03: mean sampled PE lines per frame from each raw VISTA mask. Effective R is calculated as PE / sampled lines.
A4: Case | B4: PE | C4: FE | D4: Slices | E4: Frames | F4: Nominal label | G4: Mask seed | H4: ACS protocol | I4: Mean sampled PE lines / frame | J4: Effective R | K4: Sampling fraction | L4: Theoretical R cap | M4: Validation status | N4: Notes
A5: Sub0014 | B5: 180 | C5: 192 | D5: 14 | E5: 25 | F5: 8 | G5: 8 | H5: Raw VISTA / no forced ACS | I5: 22 | J5: =IFERROR(B5/I5,"") -> 8.1818182 | K5: =IFERROR(I5/B5,"") -> 0.12222222 | L5: N/A (no forced ACS) | M5: Verified | N5: node-gpu-03 audit, 2026-07-30; output exists; central 20 lines not fully filled
A6: Sub0026 | B6: 162 | C6: 192 | D6: 15 | E6: 25 | F6: 8 | G6: 8 | H6: Raw VISTA / no forced ACS | I6: 20 | J6: =IFERROR(B6/I6,"") -> 8.1 | K6: =IFERROR(I6/B6,"") -> 0.12345679 | L6: N/A (no forced ACS) | M6: Verified | N6: node-gpu-03 audit, 2026-07-30; output exists; central 20 lines not fully filled
A7: Sub0030 | B7: 174 | C7: 192 | D7: 12 | E7: 25 | F7: 8 | G7: 8 | H7: Raw VISTA / no forced ACS | I7: 22 | J7: =IFERROR(B7/I7,"") -> 7.9090909 | K7: =IFERROR(I7/B7,"") -> 0.12643678 | L7: N/A (no forced ACS) | M7: Verified | N7: node-gpu-03 audit, 2026-07-30; output exists; central 20 lines not fully filled
A8: Sub0047 | B8: 156 | C8: 192 | D8: 3 | E8: 25 | F8: 8 | G8: 8 | H8: Raw VISTA / no forced ACS | I8: 20 | J8: =IFERROR(B8/I8,"") -> 7.8 | K8: =IFERROR(I8/B8,"") -> 0.12820513 | L8: N/A (no forced ACS) | M8: Verified | N8: node-gpu-03 audit, 2026-07-30; output exists; central 20 lines not fully filled
A9: Sub0049 | B9: 156 | C9: 192 | D9: 3 | E9: 25 | F9: 8 | G9: 8 | H9: Raw VISTA / no forced ACS | I9: 20 | J9: =IFERROR(B9/I9,"") -> 7.8 | K9: =IFERROR(I9/B9,"") -> 0.12820513 | L9: N/A (no forced ACS) | M9: Verified | N9: node-gpu-03 audit, 2026-07-30; output exists; central 20 lines not fully filled
A10: Sub0051 | B10: 156 | C10: 192 | D10: 14 | E10: 25 | F10: 8 | G10: 8 | H10: Raw VISTA / no forced ACS | I10: 20 | J10: =IFERROR(B10/I10,"") -> 7.8 | K10: =IFERROR(I10/B10,"") -> 0.12820513 | L10: N/A (no forced ACS) | M10: Verified | N10: node-gpu-03 audit, 2026-07-30; output exists; central 20 lines not fully filled
A11: Sub0096 | B11: 156 | C11: 192 | D11: 17 | E11: 25 | F11: 8 | G11: 8 | H11: Raw VISTA / no forced ACS | I11: 20 | J11: =IFERROR(B11/I11,"") -> 7.8 | K11: =IFERROR(I11/B11,"") -> 0.12820513 | L11: N/A (no forced ACS) | M11: Verified | N11: node-gpu-03 audit, 2026-07-30; output exists; central 20 lines not fully filled
A12: Sub0105 | B12: 156 | C12: 192 | D12: 11 | E12: 25 | F12: 8 | G12: 8 | H12: Raw VISTA / no forced ACS | I12: 20 | J12: =IFERROR(B12/I12,"") -> 7.8 | K12: =IFERROR(I12/B12,"") -> 0.12820513 | L12: N/A (no forced ACS) | M12: Verified | N12: node-gpu-03 audit, 2026-07-30; output exists; central 20 lines not fully filled
A13: Sub0112 | B13: 162 | C13: 192 | D13: 18 | E13: 25 | F13: 8 | G13: 8 | H13: Raw VISTA / no forced ACS | I13: 20 | J13: =IFERROR(B13/I13,"") -> 8.1 | K13: =IFERROR(I13/B13,"") -> 0.12345679 | L13: N/A (no forced ACS) | M13: Verified | N13: node-gpu-03 audit, 2026-07-30; output exists; central 20 lines not fully filled
A14: Sub0122 | B14: 156 | C14: 192 | D14: 12 | E14: 25 | F14: 8 | G14: 8 | H14: Raw VISTA / no forced ACS | I14: 20 | J14: =IFERROR(B14/I14,"") -> 7.8 | K14: =IFERROR(I14/B14,"") -> 0.12820513 | L14: N/A (no forced ACS) | M14: Verified | N14: node-gpu-03 audit, 2026-07-30; output exists; central 20 lines not fully filled
A15: Sub0014 | B15: 180 | C15: 192 | D15: 14 | E15: 25 | F15: 16 | G15: 8 | H15: Raw VISTA / no forced ACS | I15: 11 | J15: =IFERROR(B15/I15,"") -> 16.363636 | K15: =IFERROR(I15/B15,"") -> 0.061111111 | L15: N/A (no forced ACS) | M15: Verified | N15: node-gpu-03 audit, 2026-07-30; output exists; central 20 lines not fully filled
A16: Sub0026 | B16: 162 | C16: 192 | D16: 15 | E16: 25 | F16: 16 | G16: 8 | H16: Raw VISTA / no forced ACS | I16: 10 | J16: =IFERROR(B16/I16,"") -> 16.2 | K16: =IFERROR(I16/B16,"") -> 0.061728395 | L16: N/A (no forced ACS) | M16: Verified | N16: node-gpu-03 audit, 2026-07-30; output exists; central 20 lines not fully filled
... A34: Sub0122 | B34: 156 | C34: 192 | D34: 12 | E34: 25 | F34: 24 | G34: 8 | H34: Raw VISTA / no forced ACS | I34: 6 | J34: =IFERROR(B34/I34,"") -> 26 | K34: =IFERROR(I34/B34,"") -> 0.038461538 | L34: N/A (no forced ACS) | M34: Verified | N34: node-gpu-03 audit, 2026-07-30; output exists; central 20 lines not fully filled

Sheet Existing Results
A1: Existing Forced-ACS Results
A2: Historical pipeline baseline only. Do not merge with the raw-mask primary leaderboard.
A4: Method | B4: Sensitivity maps | C4: ACS protocol | D4: Nominal label | E4: Cases | F4: Frame rows | G4: PSNR mean | H4: PSNR std | I4: PSNR median | J4: NRMSE mean | K4: NRMSE std | L4: NMSE mean | M4: NMSE std | N4: MSE mean | O4: MSE std | P4: MAE mean | Q4: MAE std | R4: Wall time (min) | S4: Status | T4: Source / caveat
A5: NV-Raw2Insights Base | B5: Internally estimated | C5: 20 forced central PE lines | D5: 8 | E5: 10 | F5: 2975 | G5: 23.981 | H5: 4.399 | I5: 24.374 | J5: 0.436 | K5: 0.142 | L5: 0.211 | M5: 0.138 | N5: 0.0121 | O5: 0.0099 | P5: 0.0414 | Q5: 0.0102 | S5: Quality complete; timing incomplete | T5: CINE_benchmark_report.md; acc8 timing is a two-case resume run, not a fresh 10-case runtime.
A6: NV-Raw2Insights Base | B6: Internally estimated | C6: 20 forced central PE lines | D6: 16 | E6: 10 | F6: 2975 | G6: 22.058 | H6: 4.364 | I6: 22.376 | J6: 0.541 | K6: 0.162 | L6: 0.319 | M6: 0.186 | N6: 0.0181 | O6: 0.0125 | P6: 0.0494 | Q6: 0.012 | R6: 321.46 | S6: Complete | T6: CINE_benchmark_report.md; full 10-case run on node-gpu-01.
A7: NV-Raw2Insights Base | B7: Internally estimated | C7: 20 forced central PE lines | D7: 24 | E7: 10 | F7: 2975 | S7: Pending | T7: CINE_benchmark_report.md; inference timing and metrics not recorded.

Sheet Ablation Matrix
A1: Sensitivity-Map and ACS Ablations
A2: Keep these experiments separate from the method leaderboard; change one factor at a time where feasible.
A4: Ablation ID | B4: Model | C4: Sensitivity maps | D4: Mask / ACS | E4: Nominal label | F4: Effective R | G4: Purpose | H4: Cases | I4: PSNR | J4: SSIM | K4: NMSE | L4: Runtime / frame (s) | M4: Status | N4: Attribution caution | O4: Output root / notes
A5: A1 | B5: NV Base | C5: Internal estimate | D5: 20 forced ACS lines | E5: 8 | G5: Released-style compatibility baseline | H5: 10 | M5: Quality complete | N5: Reference condition | O5: output/CINE_test_acc8
A6: A2 | B6: NV Base | C6: External H5 dMap | D6: 20 forced ACS lines | E6: 8 | G6: Isolate sensitivity-map source | H6: 10 | M6: Not started | N6: Compare A1 vs A2
A7: A3 | B7: NV Base | C7: External H5 dMap | D7: Raw VISTA / no forced ACS | E7: 8 | F7: =AVERAGEIF('Sampling Audit'!$F$5:$F$34,E7,'Sampling Audit'!$J$5:$J$34) -> 7.9090909 | G7: Native sampling with supplied maps | H7: 10 | M7: Inference complete; metrics pending | N7: Compare A2 vs A3 for ACS effect | O7: output/h5_converted; 10/10 finite outputs
A8: A4 | B8: NV Base | C8: External H5 dMap | D8: Raw VISTA / no forced ACS | E8: 16 | F8: =AVERAGEIF('Sampling Audit'!$F$5:$F$34,E8,'Sampling Audit'!$J$5:$J$34) -> 15.818182 | G8: Native sampling with supplied maps | H8: 10 | M8: Inference complete; metrics pending | N8: Same protocol as A3; mask rate changed | O8: output/h5_converted_acc16; 10/10 finite outputs
A9: A5 | B9: NV Base | C9: External H5 dMap | D9: Raw VISTA / no forced ACS | E9: 24 | F9: =AVERAGEIF('Sampling Audit'!$F$5:$F$34,E9,'Sampling Audit'!$J$5:$J$34) -> 24.964286 | G9: Native sampling with supplied maps | H9: 10 | M9: Inference complete; metrics pending | N9: Same protocol as A3; mask rate changed | O9: output/h5_converted_acc24; 10/10 finite outputs
A10: A6 | B10: NV Base | C10: Internal estimate | D10: Raw VISTA / no forced ACS | E10: 8 | G10: Stress test internal CSM without filled center | H10: 10 | M10: Not planned | N10: May be invalid/fail because ACS is absent

Sheet Run Tracker
A1: Run Tracker
A2: One row per method × nominal mask label. Record exact inputs, code state, hardware, output, and completion evidence.
A4: Run ID | B4: Method | C4: Protocol | D4: Nominal label | E4: Dataset root | F4: Output root | G4: Config / command | H4: Checkpoint | I4: Git commit | J4: Node / GPU | K4: Start time | L4: End time | M4: Wall time (min) | N4: Cases expected | O4: Cases complete | P4: Completion % | Q4: Validation | R4: Status | S4: Notes
A5: Zerofilled_R8 | B5: Zero-filled RSS | C5: Raw VISTA / external dMap | D5: 8 | M5: =IF(OR(K5="",L5=""),"",(L5-K5)*1440) | N5: 10 | O5: 0 | P5: =IFERROR(O5/N5,0) -> 0 | Q5: Not started | R5: Not started
A6: Zerofilled_R16 | B6: Zero-filled RSS | C6: Raw VISTA / external dMap | D6: 16 | M6: =IF(OR(K6="",L6=""),"",(L6-K6)*1440) | N6: 10 | O6: 0 | P6: =IFERROR(O6/N6,0) -> 0 | Q6: Not started | R6: Not started
A7: Zerofilled_R24 | B7: Zero-filled RSS | C7: Raw VISTA / external dMap | D7: 24 | M7: =IF(OR(K7="",L7=""),"",(L7-K7)*1440) | N7: 10 | O7: 0 | P7: =IFERROR(O7/N7,0) -> 0 | Q7: Not started | R7: Not started
A8: CGSENSE_R8 | B8: CG-SENSE | C8: Raw VISTA / external dMap | D8: 8 | M8: =IF(OR(K8="",L8=""),"",(L8-K8)*1440) | N8: 10 | O8: 0 | P8: =IFERROR(O8/N8,0) -> 0 | Q8: Not started | R8: Not started
A9: CGSENSE_R16 | B9: CG-SENSE | C9: Raw VISTA / external dMap | D9: 16 | M9: =IF(OR(K9="",L9=""),"",(L9-K9)*1440) | N9: 10 | O9: 0 | P9: =IFERROR(O9/N9,0) -> 0 | Q9: Not started | R9: Not started
A10: CGSENSE_R24 | B10: CG-SENSE | C10: Raw VISTA / external dMap | D10: 24 | M10: =IF(OR(K10="",L10=""),"",(L10-K10)*1440) | N10: 10 | O10: 0 | P10: =IFERROR(O10/N10,0) -> 0 | Q10: Not started | R10: Not started
A11: TemporalTV_R8 | B11: Temporal-TV SENSE | C11: Raw VISTA / external dMap | D11: 8 | M11: =IF(OR(K11="",L11=""),"",(L11-K11)*1440) | N11: 10 | O11: 0 | P11: =IFERROR(O11/N11,0) -> 0 | Q11: Not started | R11: Not started
A12: TemporalTV_R16 | B12: Temporal-TV SENSE | C12: Raw VISTA / external dMap | D12: 16 | M12: =IF(OR(K12="",L12=""),"",(L12-K12)*1440) | N12: 10 | O12: 0 | P12: =IFERROR(O12/N12,0) -> 0 | Q12: Not started | R12: Not started
A13: TemporalTV_R24 | B13: Temporal-TV SENSE | C13: Raw VISTA / external dMap | D13: 24 | M13: =IF(OR(K13="",L13=""),"",(L13-K13)*1440) | N13: 10 | O13: 0 | P13: =IFERROR(O13/N13,0) -> 0 | Q13: Not started | R13: Not started
A14: NVRaw2Insights_R8 | B14: NV-Raw2Insights Base | C14: Raw VISTA / external dMap | D14: 8 | E14: dataset/h5_converted | F14: output/h5_converted | J14: Server GPU; run already completed | M14: =IF(OR(K14="",L14=""),"",(L14-K14)*1440) | N14: 10 | O14: 10 | P14: =IFERROR(O14/N14,0) -> 1 | Q14: Verified | R14: Inference complete; metrics pending | S14: node-gpu-03 audit, 2026-07-30: 10/10 finite outputs; no forced 20-line ACS
A15: NVRaw2Insights_R16 | B15: NV-Raw2Insights Base | C15: Raw VISTA / external dMap | D15: 16 | E15: dataset/h5_converted_acc16 | F15: output/h5_converted_acc16 | J15: Server GPU; run already completed | M15: =IF(OR(K15="",L15=""),"",(L15-K15)*1440) | N15: 10 | O15: 10 | P15: =IFERROR(O15/N15,0) -> 1 | Q15: Verified | R15: Inference complete; metrics pending | S15: node-gpu-03 audit, 2026-07-30: 10/10 finite outputs; no forced 20-line ACS
A16: NVRaw2Insights_R24 | B16: NV-Raw2Insights Base | C16: Raw VISTA / external dMap | D16: 24 | E16: dataset/h5_converted_acc24 | F16: output/h5_converted_acc24 | J16: Server GPU; run already completed | M16: =IF(OR(K16="",L16=""),"",(L16-K16)*1440) | N16: 10 | O16: 10 | P16: =IFERROR(O16/N16,0) -> 1 | Q16: Verified | R16: Inference complete; metrics pending | S16: node-gpu-03 audit, 2026-07-30: 10/10 finite outputs; no forced 20-line ACS

Sheet Metric Dictionary
A1: Metric and Reporting Dictionary
A2: Definitions and decisions to keep all methods comparable.
A4: Field | B4: Primary definition | C4: Aggregation | D4: Direction | E4: Required? | F4: Caution | G4: Source / implementation
A5: PSNR | B5: 20 log10(GT data range / RMSE) | C5: Frame → subject mean → cohort mean and 95% CI | D5: Higher | E5: Yes | F5: Use a single GT-derived case scale for all methods. | G5: Evaluation script; dImgC GT
A6: SSIM | B6: 2D structural similarity using GT frame data range | C6: Frame → subject mean → cohort mean and 95% CI | D6: Higher | E6: Yes | F6: Currently absent from evaluate_cine_mat_gt_metrics.py. | G6: Add consistently for every method
A7: NMSE | B7: sum((prediction-GT)^2) / sum(GT^2) | C7: Frame → subject mean → cohort mean and 95% CI | D7: Lower | E7: Yes | F7: Do not independently scale-fit each method for primary reporting. | G7: Evaluation script
A8: NRMSE | B8: sqrt(sum(error^2)) / ||GT|| | C8: Secondary | D8: Lower | E8: Optional | F8: NRMSE is sqrt(NMSE); reporting both can be redundant. | G8: Existing report
A9: Effective R | B9: PE / mean sampled PE lines per frame | C9: Report per case; optionally subject mean by nominal label | D9: Context | E9: Yes | F9: Nominal conditioning label is not the measured acceleration. | G9: Sampling Audit formulas
A10: Runtime/frame | B10: Total measured reconstruction time / reconstructed frames | C10: Median and IQR over cases on one fixed GPU | D10: Lower | E10: Yes | F10: Do not compare timings from different nodes or resumed runs. | G10: Run logs
A11: Peak VRAM | B11: Maximum allocated GPU memory during reconstruction | C11: One value per method/configuration | D11: Lower | E11: Recommended | F11: Measure with identical batch/window settings. | G11: Run logs
A12: Confidence interval | B12: Paired subject-level 95% bootstrap CI | C12: Ten subjects are the statistical units | D12: Context | E12: Yes | F12: Do not treat 2,975 correlated frames as independent subjects. | G12: Benchmark policy

Sheet Sources
A1: Workbook Sources
A2: Local project records used to prepopulate the workbook.
A4: Source | B4: Date / version | C4: Used for | D4: Important limitation | E4: Local path
A5: CINE benchmark report | B5: 2026-07-12 | C5: Cohort, shape summary, acc8/acc16 quality, timing status | D5: acc8 runtime is resumed; acc24 pending | E5: docs/CINE_benchmark_report.md
A6: Active CINE SOP | B6: Current repo | C6: Dataset roots, masks, commands, evaluation protocol | D6: Forced ACS changes effective sampling | E6: docs/NV-Raw2insights-MRI_SOP.md
A7: External dMap no-ACS log | B7: 2026-07-14 to 2026-07-15 | C7: Documented external dMap raw-mask acc8 run | D7: Local dated log covers acc8 only | E7: docs/history/2026-07-14-h5-dmap-noacs-acc8-inference.md
A8: node-gpu-03 server audit | B8: 2026-07-30 | C8: Verified acc8/16/24 no-ACS masks and 10/10 finite outputs per rate | D8: Quantitative metric CSVs not found | E8: dataset/h5_converted*; output/h5_converted*
A9: MAT GT evaluator | B9: Current repo | C9: Existing PSNR/NRMSE/NMSE definitions | D9: No SSIM; current aggregation is frame-level | E9: scripts/evaluate_cine_mat_gt_metrics.py
A10: Qualitative/evaluation helper | B10: Current repo | C10: Zero-filled RSS construction and optional normalization | D10: Independent max normalization should not be primary | E10: scripts/evaluate_and_plot_cine_dimgc.py
